link_id,crossing_key,crossing_lat,crossing_lon,crossing_road,signal_key,signal_lat,signal_lon,signal_type,approach_bearing_deg,distance_m,association_status,ai_allowed,match_features_json,comment
7db85aaa-1848-4c7a-b0b2-83a9a7d54a22,CW-GJ-003,35.152,126.852,광주광역시 서구 치평로 30,TL-GJ-103,35.1521,126.8521,보행등,0,14.36,REVIEW_REQUIRED,False,"{""distance_m"": 14.36, ""road_match"": ""UNKNOWN"", ""distance_tier"": ""20m"", ""id_similarity"": 0.5, ""bearing_diff_deg"": 39.3, ""approach_bearing_deg"": 0.0, ""relative_signal_bearing_deg"": 39.3}",
03909208-0481-4fa9-9c6f-0c67fffe6dc4,CW-001,35.15,126.85,상무대로,TL-GJ-101,35.1501,126.8501,보행등,0,14.36,REVIEW_REQUIRED,False,"{""distance_m"": 14.36, ""road_match"": ""UNKNOWN"", ""distance_tier"": ""20m"", ""id_similarity"": 0.0, ""bearing_diff_deg"": 39.3, ""approach_bearing_deg"": 0.0, ""relative_signal_bearing_deg"": 39.3}",
d5cab0ed-b838-4bd1-bdf9-a075db3be20d,CW-GJ-001,35.15,126.85,광주광역시 서구 상무대로 100,TL-GJ-101,35.1501,126.8501,보행등,0,14.36,REVIEW_REQUIRED,False,"{""distance_m"": 14.36, ""road_match"": ""UNKNOWN"", ""distance_tier"": ""20m"", ""id_similarity"": 0.5, ""bearing_diff_deg"": 39.3, ""approach_bearing_deg"": 0.0, ""relative_signal_bearing_deg"": 39.3}",
03eda81e-a13c-4366-8867-fe648abaaf7e,CW-GJ-002,35.1505,126.8505,광주광역시 서구 시청로 20,TL-GJ-102,35.1506,126.8506,보행등,0,14.36,REVIEW_REQUIRED,False,"{""distance_m"": 14.36, ""road_match"": ""UNKNOWN"", ""distance_tier"": ""20m"", ""id_similarity"": 0.5, ""bearing_diff_deg"": 39.3, ""approach_bearing_deg"": 0.0, ""relative_signal_bearing_deg"": 39.3}",
04d5c48b-4539-4ca5-adb5-cfc8f588c57d,CW-002,35.1503,126.8505,시청로,TL-GJ-102,35.1506,126.8506,보행등,0,34.58,REVIEW_REQUIRED,False,"{""distance_m"": 34.58, ""road_match"": ""UNKNOWN"", ""distance_tier"": "">30m"", ""id_similarity"": 0.0, ""bearing_diff_deg"": 15.2, ""approach_bearing_deg"": 0.0, ""relative_signal_bearing_deg"": 15.2}",
64c4647c-1bec-48ac-b99e-26af456c0ffd,CW-002,35.1503,126.8505,시청로,TL-GJ-101,35.1501,126.8501,보행등,180,42.63,REVIEW_REQUIRED,False,"{""distance_m"": 42.63, ""road_match"": ""UNKNOWN"", ""distance_tier"": "">30m"", ""id_similarity"": 0.0, ""bearing_diff_deg"": 58.6, ""approach_bearing_deg"": 180.0, ""relative_signal_bearing_deg"": 238.6}",
3b07e217-5341-4d9c-ac13-a3b995c4d211,CW-GJ-002,35.1505,126.8505,광주광역시 서구 시청로 20,TL-GJ-101,35.1501,126.8501,보행등,180,57.45,REVIEW_REQUIRED,False,"{""distance_m"": 57.45, ""road_match"": ""UNKNOWN"", ""distance_tier"": "">30m"", ""id_similarity"": 0.5, ""bearing_diff_deg"": 39.3, ""approach_bearing_deg"": 180.0, ""relative_signal_bearing_deg"": 219.3}",
b9642c60-2710-46b4-9092-8c1d898da1cf,CW-GJ-001,35.15,126.85,광주광역시 서구 상무대로 100,TL-GJ-102,35.1506,126.8506,보행등,0,86.18,REVIEW_REQUIRED,False,"{""distance_m"": 86.18, ""road_match"": ""UNKNOWN"", ""distance_tier"": "">30m"", ""id_similarity"": 0.5, ""bearing_diff_deg"": 39.3, ""approach_bearing_deg"": 0.0, ""relative_signal_bearing_deg"": 39.3}",
942794f9-0c9d-473d-a67a-01dc191e4e26,CW-001,35.15,126.85,상무대로,TL-GJ-102,35.1506,126.8506,보행등,0,86.18,REVIEW_REQUIRED,False,"{""distance_m"": 86.18, ""road_match"": ""UNKNOWN"", ""distance_tier"": "">30m"", ""id_similarity"": 0.0, ""bearing_diff_deg"": 39.3, ""approach_bearing_deg"": 0.0, ""relative_signal_bearing_deg"": 39.3}",
